/*Generated by xorm 2021-01-22 16:17:51, from mysql to mysql*/

CREATE TABLE IF NOT EXISTS `tb_active` (`id` BIGINT(20) PRIMARY KEY AUTO_INCREMENT NOT NULL, `active_id` BIGINT(20) NOT NULL, `active_name` VARCHAR(64) NULL, `creator` VARCHAR(64) NULL, `class_id` BIGINT(20) NULL, `content` VARCHAR(256) NOT NULL, `begin_time` BIGINT(20) NOT NULL, `finish_time` BIGINT(20) NOT NULL, `category` INT(11) NOT NULL, `options` TEXT NULL, `create_time` DATETIME NULL, `update_time` DATETIME NULL, `delete_time` DATETIME NULL) ENGINE=InnoDB DEFAULT CHARSET utf8mb4;
CREATE UNIQUE INDEX `UQE_tb_active_idx_active_id` ON `tb_active` (`active_id`);
CREATE INDEX `IDX_tb_active_idx_class_id` ON `tb_active` (`class_id`);
INSERT INTO `tb_active` (`id`, `active_id`, `active_name`, `creator`, `class_id`, `content`, `begin_time`, `finish_time`, `category`, `options`, `create_time`, `update_time`, `delete_time`) VALUES (1,2556613042900992,'班级活动-鼓浪屿团建','admin',1,'2021-05-19 9:00 AM 出发去鼓浪屿团建，晚上8点回来',1611018266,1613719053,1,'["yes","no"]','2021-01-22 09:19:04 +0800 CST','2021-01-22 09:19:04 +0800 CST',NULL);
INSERT INTO `tb_active` (`id`, `active_id`, `active_name`, `creator`, `class_id`, `content`, `begin_time`, `finish_time`, `category`, `options`, `create_time`, `update_time`, `delete_time`) VALUES (2,2556639576068096,'班级活动-鼓浪屿团建2','admin',1,'2021-05-19 9:00 AM 出发去鼓浪屿团建，晚上8点回来',1611379077,1613719053,1,'["yes","no"]','2021-01-22 09:19:10 +0800 CST','2021-01-22 09:19:10 +0800 CST',NULL);
INSERT INTO `tb_active` (`id`, `active_id`, `active_name`, `creator`, `class_id`, `content`, `begin_time`, `finish_time`, `category`, `options`, `create_time`, `update_time`, `delete_time`) VALUES (3,2556652892983296,'班级活动-鼓浪屿团建3','admin',1,'2021-05-19 9:00 AM 出发去鼓浪屿团建，晚上8点回来',1611270000,1613719053,1,'["yes","no"]','2021-01-22 09:19:13 +0800 CST','2021-01-22 09:19:13 +0800 CST',NULL);
INSERT INTO `tb_active` (`id`, `active_id`, `active_name`, `creator`, `class_id`, `content`, `begin_time`, `finish_time`, `category`, `options`, `create_time`, `update_time`, `delete_time`) VALUES (7,2632579094155264,'2021-01-00 测试2','admin',1,'2021-05-19 9:00 AM 出发去鼓浪屿团建，晚上8点回来',1611018266,1613719053,1,'["yes","no"]','2021-01-22 14:20:55 +0800 CST','2021-01-22 14:20:55 +0800 CST',NULL);

CREATE TABLE IF NOT EXISTS `tb_art` (`id` BIGINT(20) PRIMARY KEY AUTO_INCREMENT NOT NULL, `base_score` DOUBLE NULL, `reward` DOUBLE NULL) ENGINE=InnoDB DEFAULT CHARSET utf8mb4;

CREATE TABLE IF NOT EXISTS `tb_class` (`id` BIGINT(20) PRIMARY KEY AUTO_INCREMENT NOT NULL, `class_name` VARCHAR(255) NOT NULL, `create_time` DATETIME NULL, `update_time` DATETIME NULL, `delete_time` DATETIME NULL) ENGINE=InnoDB DEFAULT CHARSET utf8mb4;
INSERT INTO `tb_class` (`id`, `class_name`, `create_time`, `update_time`, `delete_time`) VALUES (1,'2017级数字媒体技术','2021-01-20 19:46:44 +0800 CST','2021-01-20 19:46:44 +0800 CST',NULL);
INSERT INTO `tb_class` (`id`, `class_name`, `create_time`, `update_time`, `delete_time`) VALUES (2,'2016级数字媒体技术','2021-01-20 19:46:44 +0800 CST','2021-01-20 19:46:44 +0800 CST',NULL);

CREATE TABLE IF NOT EXISTS `tb_course_competition` (`id` BIGINT(20) PRIMARY KEY AUTO_INCREMENT NOT NULL, `base_score` DOUBLE NULL, `reward` DOUBLE NULL) ENGINE=InnoDB DEFAULT CHARSET utf8mb4;

CREATE TABLE IF NOT EXISTS `tb_group_active` (`id` BIGINT(20) PRIMARY KEY AUTO_INCREMENT NOT NULL, `base_score` DOUBLE NULL, `reward` DOUBLE NULL) ENGINE=InnoDB DEFAULT CHARSET utf8mb4;

CREATE TABLE IF NOT EXISTS `tb_position` (`id` BIGINT(20) PRIMARY KEY AUTO_INCREMENT NOT NULL, `name` VARCHAR(64) NULL, `create_time` DATETIME NULL, `update_time` DATETIME NULL, `delete_time` DATETIME NULL) ENGINE=InnoDB DEFAULT CHARSET utf8mb4;
INSERT INTO `tb_position` (`id`, `name`, `create_time`, `update_time`, `delete_time`) VALUES (1,'学生','2021-01-20 19:43:23 +0800 CST','2021-01-20 19:43:23 +0800 CST',NULL);
INSERT INTO `tb_position` (`id`, `name`, `create_time`, `update_time`, `delete_time`) VALUES (2,'班主任','2021-01-20 19:45:34 +0800 CST','2021-01-20 19:45:34 +0800 CST',NULL);
INSERT INTO `tb_position` (`id`, `name`, `create_time`, `update_time`, `delete_time`) VALUES (3,'班长','2021-01-20 19:45:34 +0800 CST','2021-01-20 19:45:34 +0800 CST',NULL);
INSERT INTO `tb_position` (`id`, `name`, `create_time`, `update_time`, `delete_time`) VALUES (4,'生活委员','2021-01-20 19:45:34 +0800 CST','2021-01-20 19:45:34 +0800 CST',NULL);
INSERT INTO `tb_position` (`id`, `name`, `create_time`, `update_time`, `delete_time`) VALUES (5,'学习委员','2021-01-20 19:45:34 +0800 CST','2021-01-20 19:45:34 +0800 CST',NULL);
INSERT INTO `tb_position` (`id`, `name`, `create_time`, `update_time`, `delete_time`) VALUES (6,'文娱委员','2021-01-20 19:45:34 +0800 CST','2021-01-20 19:45:34 +0800 CST',NULL);
INSERT INTO `tb_position` (`id`, `name`, `create_time`, `update_time`, `delete_time`) VALUES (7,'体育委员','2021-01-20 19:45:34 +0800 CST','2021-01-20 19:45:34 +0800 CST',NULL);
INSERT INTO `tb_position` (`id`, `name`, `create_time`, `update_time`, `delete_time`) VALUES (8,'团支书','2021-01-20 19:45:34 +0800 CST','2021-01-20 19:45:34 +0800 CST',NULL);
INSERT INTO `tb_position` (`id`, `name`, `create_time`, `update_time`, `delete_time`) VALUES (9,'心理保健员','2021-01-20 19:45:34 +0800 CST','2021-01-20 19:45:34 +0800 CST',NULL);
INSERT INTO `tb_position` (`id`, `name`, `create_time`, `update_time`, `delete_time`) VALUES (10,'班级助理','2021-01-20 19:45:34 +0800 CST','2021-01-20 19:45:34 +0800 CST',NULL);

CREATE TABLE IF NOT EXISTS `tb_score` (`id` BIGINT(20) PRIMARY KEY AUTO_INCREMENT NOT NULL, `student_card` CHAR(10) NULL, `base_score` DOUBLE NULL, `g_p_a` DOUBLE NULL, `sport` DOUBLE NULL, `course_competition` DOUBLE NULL, `art` DOUBLE NULL, `group_active` DOUBLE NULL, `total_score` DOUBLE NULL, `state` INT(11) NULL) ENGINE=InnoDB DEFAULT CHARSET utf8mb4;
CREATE UNIQUE INDEX `UQE_tb_score_idx_student_card` ON `tb_score` (`student_card`);

CREATE TABLE IF NOT EXISTS `tb_user` (`id` BIGINT(20) PRIMARY KEY AUTO_INCREMENT NOT NULL, `user_id` BIGINT(20) NOT NULL, `user_name` VARCHAR(64) NOT NULL, `password` VARCHAR(255) NOT NULL, `age` INT(11) NULL, `email` VARCHAR(255) NULL, `gender` CHAR(3) DEFAULT '男' NOT NULL, `student_card` CHAR(10) NULL, `class_id` BIGINT(20) DEFAULT 0 NOT NULL, `phone` CHAR(11) NULL, `residence` VARCHAR(64) NULL, `position_id` BIGINT(20) DEFAULT 1 NULL, `create_time` DATETIME NULL, `update_time` DATETIME NULL, `delete_time` DATETIME NULL) ENGINE=InnoDB DEFAULT CHARSET utf8mb4;
CREATE UNIQUE INDEX `UQE_tb_user_idx_student_card` ON `tb_user` (`student_card`);
CREATE INDEX `IDX_tb_user_idx_class_id` ON `tb_user` (`class_id`);
CREATE UNIQUE INDEX `UQE_tb_user_idx_user_id` ON `tb_user` (`user_id`);
INSERT INTO `tb_user` (`id`, `user_id`, `user_name`, `password`, `age`, `email`, `gender`, `student_card`, `class_id`, `phone`, `residence`, `position_id`, `create_time`, `update_time`, `delete_time`) VALUES (1,1995025718185984,'admin1','313131313131aaf8c29564615b5fe187e98387cfbb78',22,'1078014075@qq.com','女','1725141016',1,'18950009807','福建省厦门市',2,'2021-01-20 20:07:31 +0800 CST','2021-01-20 20:09:21 +0800 CST',NULL);
INSERT INTO `tb_user` (`id`, `user_id`, `user_name`, `password`, `age`, `email`, `gender`, `student_card`, `class_id`, `phone`, `residence`, `position_id`, `create_time`, `update_time`, `delete_time`) VALUES (2,2298234143772672,'admin2','313233343536aaf8c29564615b5fe187e98387cfbb78',NULL,NULL,'男','1725141013',1,NULL,NULL,1,'2021-01-21 16:12:21 +0800 CST','2021-01-21 17:44:07 +0800 CST',NULL);
INSERT INTO `tb_user` (`id`, `user_id`, `user_name`, `password`, `age`, `email`, `gender`, `student_card`, `class_id`, `phone`, `residence`, `position_id`, `create_time`, `update_time`, `delete_time`) VALUES (3,2298253315936256,'admin3','313233343536aaf8c29564615b5fe187e98387cfbb78',NULL,NULL,'男','1725141014',1,NULL,NULL,1,'2021-01-21 16:12:26 +0800 CST','2021-01-21 16:12:26 +0800 CST',NULL);
INSERT INTO `tb_user` (`id`, `user_id`, `user_name`, `password`, `age`, `email`, `gender`, `student_card`, `class_id`, `phone`, `residence`, `position_id`, `create_time`, `update_time`, `delete_time`) VALUES (4,2298267392020480,'admin4','313233343536aaf8c29564615b5fe187e98387cfbb78',NULL,NULL,'男','1725141015',1,NULL,NULL,3,'2021-01-21 16:12:29 +0800 CST','2021-01-21 20:06:06 +0800 CST',NULL);
INSERT INTO `tb_user` (`id`, `user_id`, `user_name`, `password`, `age`, `email`, `gender`, `student_card`, `class_id`, `phone`, `residence`, `position_id`, `create_time`, `update_time`, `delete_time`) VALUES (5,2298282273411072,'admin5','313233343536aaf8c29564615b5fe187e98387cfbb78',NULL,NULL,'男','1725141017',1,NULL,NULL,1,'2021-01-21 16:12:33 +0800 CST','2021-01-21 16:12:33 +0800 CST',NULL);
INSERT INTO `tb_user` (`id`, `user_id`, `user_name`, `password`, `age`, `email`, `gender`, `student_card`, `class_id`, `phone`, `residence`, `position_id`, `create_time`, `update_time`, `delete_time`) VALUES (6,2298295221227520,'admin6','313233343536aaf8c29564615b5fe187e98387cfbb78',NULL,NULL,'男','1725141018',1,NULL,NULL,1,'2021-01-21 16:12:36 +0800 CST','2021-01-21 16:12:36 +0800 CST',NULL);
INSERT INTO `tb_user` (`id`, `user_id`, `user_name`, `password`, `age`, `email`, `gender`, `student_card`, `class_id`, `phone`, `residence`, `position_id`, `create_time`, `update_time`, `delete_time`) VALUES (7,2298308198404096,'admin7','313233343536aaf8c29564615b5fe187e98387cfbb78',NULL,NULL,'男','1725141019',1,NULL,NULL,1,'2021-01-21 16:12:39 +0800 CST','2021-01-21 16:12:39 +0800 CST',NULL);
INSERT INTO `tb_user` (`id`, `user_id`, `user_name`, `password`, `age`, `email`, `gender`, `student_card`, `class_id`, `phone`, `residence`, `position_id`, `create_time`, `update_time`, `delete_time`) VALUES (8,2310841391124480,'lxy','313233343536aaf8c29564615b5fe187e98387cfbb78',NULL,NULL,'男','1725141030',2,NULL,NULL,1,'2021-01-21 17:02:27 +0800 CST','2021-01-21 19:30:00 +0800 CST',NULL);

CREATE TABLE IF NOT EXISTS `tb_vote` (`id` BIGINT(20) PRIMARY KEY AUTO_INCREMENT NOT NULL, `active_id` BIGINT(20) NULL, `student_card` CHAR(10) NULL, `state` INT(11) DEFAULT 0 NOT NULL, `result` VARCHAR(255) NULL, `create_time` DATETIME NULL, `update_time` DATETIME NULL, `delete_time` DATETIME NULL) ENGINE=InnoDB DEFAULT CHARSET utf8mb4;
CREATE INDEX `IDX_tb_vote_idx_activeId_studentCard` ON `tb_vote` (`active_id`,`student_card`);
INSERT INTO `tb_vote` (`id`, `active_id`, `student_card`, `state`, `result`, `create_time`, `update_time`, `delete_time`) VALUES (1,2632579094155264,'1725141013',1,'yes','2021-01-22 14:20:55 +0800 CST','2021-01-22 14:22:59 +0800 CST',NULL);
INSERT INTO `tb_vote` (`id`, `active_id`, `student_card`, `state`, `result`, `create_time`, `update_time`, `delete_time`) VALUES (2,2632579094155264,'1725141014',1,'yes','2021-01-22 14:20:55 +0800 CST','2021-01-22 14:20:55 +0800 CST',NULL);
INSERT INTO `tb_vote` (`id`, `active_id`, `student_card`, `state`, `result`, `create_time`, `update_time`, `delete_time`) VALUES (3,2632579094155264,'1725141015',1,'yes','2021-01-22 14:20:55 +0800 CST','2021-01-22 14:20:55 +0800 CST',NULL);
INSERT INTO `tb_vote` (`id`, `active_id`, `student_card`, `state`, `result`, `create_time`, `update_time`, `delete_time`) VALUES (4,2632579094155264,'1725141017',1,'no','2021-01-22 14:20:55 +0800 CST','2021-01-22 14:20:55 +0800 CST',NULL);
INSERT INTO `tb_vote` (`id`, `active_id`, `student_card`, `state`, `result`, `create_time`, `update_time`, `delete_time`) VALUES (5,2632579094155264,'1725141018',1,'no','2021-01-22 14:20:55 +0800 CST','2021-01-22 14:20:55 +0800 CST',NULL);
INSERT INTO `tb_vote` (`id`, `active_id`, `student_card`, `state`, `result`, `create_time`, `update_time`, `delete_time`) VALUES (6,2632579094155264,'1725141019',1,'no','2021-01-22 14:20:55 +0800 CST','2021-01-22 14:20:55 +0800 CST',NULL);

CREATE TABLE IF NOT EXISTS `tb_zonece` (`id` BIGINT(20) PRIMARY KEY AUTO_INCREMENT NOT NULL, `student_card` CHAR(10) NULL, `active_id` BIGINT(20) NULL, `course_competition_id` BIGINT(20) NULL, `art_id` BIGINT(20) NULL, `group_active_id` BIGINT(20) NULL, `state` INT(11) NULL) ENGINE=InnoDB DEFAULT CHARSET utf8mb4;
CREATE UNIQUE INDEX `UQE_tb_zonece_idx_student_card` ON `tb_zonece` (`student_card`);
